{"cameraMode":{"drawMode":0,"name":"Shaded","section":"Shading Mode"},"sceneLighting":false,"audioPlay":false,"sceneViewState":{"showFog":true,"showMaterialUpdate":false,"showSkybox":true,"showFlares":true,"showImageEffects":true,"showParticleSystems":true},"in2DMode":false,"pivot":{"x":1.2036155462265015,"y":0.6983966827392578,"z":7.111228942871094},"rotation":{"x":-0.2176584154367447,"y":0.7333307862281799,"z":-0.27377915382385256,"w":-0.5830170512199402},"size":4.523441791534424,"orthographic":false}